"retrieval_time","user_name","host_name","licenses_used_by_user","is_reservation","licenses_total","licenses_total_in_use","feature_name","feature_version","daemon_name","server_master_port","server_master_host","server_port","server_host"
"1/26/2021 18:20","","","","","8","2","AMG","5.28","Dassault Systemes","","","4084","asdsls30"
"1/26/2021 18:20","M57688","ITE00553112","1","","8","2","AMG","5.28","Dassault Systemes","","","4084","asdsls30"
"1/26/2021 18:20","j55883","ITE00455353","1","","8","2","AMG","5.28","Dassault Systemes","","","4084","asdsls30"
"1/26/2021 18:20","","","","","112","36","CAI","5.28","Dassault Systemes","","","4084","asdsls30"
"1/26/2021 18:20","s100096","ITE00463355","1","","112","36","CAI","5.28","Dassault Systemes","","","4084","asdsls30"
"1/26/2021 18:20","s108553","ITE00493331","1","","112","36","CAI","5.28","Dassault Systemes","","","4084","asdsls30"
"1/26/2021 18:20","M56078","ITE00515586","1","","112","36","CAI","5.28","Dassault Systemes","","","4084","asdsls30"
"1/26/2021 18:20","beverda","ITE00509738","1","","112","36","CAI","5.28","Dassault Systemes","","","4084","asdsls30"
"1/26/2021 18:20","M46937","ITE00514431","1","","112","36","CAI","5.28","Dassault Systemes","","","4084","asdsls30"
"1/26/2021 18:20","M53770","ITE00510791","1","","112","36","CAI","5.28","Dassault Systemes","","","4084","asdsls30"
"1/26/2021 18:20","J37728","ITE00461825","1","","112","36","CAI","5.28","Dassault Systemes","","","4084","asdsls30"
"1/26/2021 18:20","M39180","ITE00509788","1","","112","36","CAI","5.28","Dassault Systemes","","","4084","asdsls30"
"1/26/2021 18:20","M69146","ITE00447372","1","","112","36","CAI","5.28","Dassault Systemes","","","4084","asdsls30"
"1/26/2021 18:20","M56698","ITE00544413","1","","112","36","CAI","5.28","Dassault Systemes","","","4084","asdsls30"
"1/26/2021 18:20","J37665","ITE00455784","1","","112","36","CAI","5.28","Dassault Systemes","","","4084","asdsls30"
"1/26/2021 18:20","J78906","ITE00468463","1","","112","36","CAI","5.28","Dassault Systemes","","","4084","asdsls30"
"1/26/2021 18:20","M34157","ITE00487778","1","","112","36","CAI","5.28","Dassault Systemes","","","4084","asdsls30"
"1/26/2021 18:20","M48385","ITE00512727","1","","112","36","CAI","5.28","Dassault Systemes","","","4084","asdsls30"
"1/26/2021 18:20","s112342","ITE00442419","1","","112","36","CAI","5.28","Dassault Systemes","","","4084","asdsls30"
"1/26/2021 18:20","M32187","ITE00552607","1","","112","36","CAI","5.28","Dassault Systemes","","","4084","asdsls30"
"1/26/2021 18:20","s382924","ITE00452858","1","","112","36","CAI","5.28","Dassault Systemes","","","4084","asdsls30"
"1/26/2021 18:20","J75255","ITE00565853","1","","112","36","CAI","5.28","Dassault Systemes","","","4084","asdsls30"
"1/26/2021 18:20","J16540","ITE00421630","1","","112","36","CAI","5.28","Dassault Systemes","","","4084","asdsls30"
"1/26/2021 18:20","J41941","ITE00546371","1","","112","36","CAI","5.28","Dassault Systemes","","","4084","asdsls30"
"1/26/2021 18:20","s380702","ITE00464971","1","","112","36","CAI","5.28","Dassault Systemes","","","4084","asdsls30"
"1/26/2021 18:20","M67744","ITE00539291","1","","112","36","CAI","5.28","Dassault Systemes","","","4084","asdsls30"
"1/26/2021 18:20","J67395","ITE00511874","1","","112","36","CAI","5.28","Dassault Systemes","","","4084","asdsls30"
"1/26/2021 18:20","M62468","ITE00528641","1","","112","36","CAI","5.28","Dassault Systemes","","","4084","asdsls30"
"1/26/2021 18:20","J70896","ITE00473525","1","","112","36","CAI","5.28","Dassault Systemes","","","4084","asdsls30"
"1/26/2021 18:20","J37758","ITE00553620","1","","112","36","CAI","5.28","Dassault Systemes","","","4084","asdsls30"
"1/26/2021 18:20","J92437","ITE00551011","1","","112","36","CAI","5.28","Dassault Systemes","","","4084","asdsls30"
"1/26/2021 18:20","J64191","ITE00480242","1","","112","36","CAI","5.28","Dassault Systemes","","","4084","asdsls30"
"1/26/2021 18:20","s383917","LC30PCE00334961","1","","112","36","CAI","5.28","Dassault Systemes","","","4084","asdsls30"
"1/26/2021 18:20","s113846","ITE00488636","1","","112","36","CAI","5.28","Dassault Systemes","","","4084","asdsls30"
"1/26/2021 18:20","s382945","ITE00485062","1","","112","36","CAI","5.28","Dassault Systemes","","","4084","asdsls30"
"1/26/2021 18:20","j87858","ITE00526278","1","","112","36","CAI","5.28","Dassault Systemes","","","4084","asdsls30"
"1/26/2021 18:20","chengwe","ITE00452235","1","","112","36","CAI","5.28","Dassault Systemes","","","4084","asdsls30"
"1/26/2021 18:20","J69109","ITE00447265","1","","112","36","CAI","5.28","Dassault Systemes","","","4084","asdsls30"
"1/26/2021 18:20","J42588","ITE00496513","1","","112","36","CAI","5.28","Dassault Systemes","","","4084","asdsls30"
"1/26/2021 18:20","s092639","ITE00473486","1","","112","36","CAI","5.28","Dassault Systemes","","","4084","asdsls30"
"1/26/2021 18:20","","","","","107","10","EDR","6.419","Dassault Systemes","","","4084","asdsls30"
"1/26/2021 18:20","M62468","ITE00528641","1","","107","10","EDR","6.419","Dassault Systemes","","","4084","asdsls30"
"1/26/2021 18:20","J42588","ITE00496513","1","","107","10","EDR","6.419","Dassault Systemes","","","4084","asdsls30"
"1/26/2021 18:20","s092639","ITE00473486","1","","107","10","EDR","6.419","Dassault Systemes","","","4084","asdsls30"
"1/26/2021 18:20","J37728","ITE00461825","1","","107","10","EDR","6.419","Dassault Systemes","","","4084","asdsls30"
"1/26/2021 18:20","s112342","ITE00442419","1","","107","10","EDR","6.419","Dassault Systemes","","","4084","asdsls30"
"1/26/2021 18:20","M67744","ITE00539291","1","","107","10","EDR","6.419","Dassault Systemes","","","4084","asdsls30"
"1/26/2021 18:20","J37665","ITE00455784","1","","107","10","EDR","6.419","Dassault Systemes","","","4084","asdsls30"
"1/26/2021 18:20","M32187","ITE00552607","1","","107","10","EDR","6.419","Dassault Systemes","","","4084","asdsls30"
"1/26/2021 18:20","J69109","ITE00447265","1","","107","10","EDR","6.419","Dassault Systemes","","","4084","asdsls30"
"1/26/2021 18:20","s108553","ITE00493331","1","","107","10","EDR","6.419","Dassault Systemes","","","4084","asdsls30"
"1/26/2021 18:20","","","","","51","11","EHI","5.26","Dassault Systemes","","","4084","asdsls30"
"1/26/2021 18:20","crovoro","ITE00479225","1","","51","11","EHI","5.26","Dassault Systemes","","","4084","asdsls30"
"1/26/2021 18:20","kurjari","ITE00460000","1","","51","11","EHI","5.26","Dassault Systemes","","","4084","asdsls30"
"1/26/2021 18:20","crovoro","ITE00452601","1","","51","11","EHI","5.26","Dassault Systemes","","","4084","asdsls30"
"1/26/2021 18:20","J96528","ITE00473558","1","","51","11","EHI","5.26","Dassault Systemes","","","4084","asdsls30"
"1/26/2021 18:20","hajiama","ITE00517436","1","","51","11","EHI","5.26","Dassault Systemes","","","4084","asdsls30"
"1/26/2021 18:20","J68137","ITE00473979","1","","51","11","EHI","5.26","Dassault Systemes","","","4084","asdsls30"
"1/26/2021 18:20","A99223","ITE00524959","1","","51","11","EHI","5.28","Dassault Systemes","","","4084","asdsls30"
"1/26/2021 18:20","J36839","DCAKPCE00378577","1","","51","11","EHI","5.26","Dassault Systemes","","","4084","asdsls30"
"1/26/2021 18:20","J37758","ITE00553620","1","","51","11","EHI","5.28","Dassault Systemes","","","4084","asdsls30"
"1/26/2021 18:20","J67395","ITE00511874","1","","51","11","EHI","5.28","Dassault Systemes","","","4084","asdsls30"
"1/26/2021 18:20","J66237","ITE00564546","1","","51","11","EHI","5.26","Dassault Systemes","","","4084","asdsls30"
"1/26/2021 18:20","","","","","56","8","ELB","5.26","Dassault Systemes","","","4084","asdsls30"
"1/26/2021 18:20","crovoro","ITE00479225","1","","56","8","ELB","5.26","Dassault Systemes","","","4084","asdsls30"
"1/26/2021 18:20","kurjari","ITE00460000","1","","56","8","ELB","5.26","Dassault Systemes","","","4084","asdsls30"
"1/26/2021 18:20","crovoro","ITE00452601","1","","56","8","ELB","5.26","Dassault Systemes","","","4084","asdsls30"
"1/26/2021 18:20","J96528","ITE00473558","1","","56","8","ELB","5.26","Dassault Systemes","","","4084","asdsls30"
"1/26/2021 18:20","hajiama","ITE00517436","1","","56","8","ELB","5.26","Dassault Systemes","","","4084","asdsls30"
"1/26/2021 18:20","J68137","ITE00473979","1","","56","8","ELB","5.26","Dassault Systemes","","","4084","asdsls30"
"1/26/2021 18:20","J36839","DCAKPCE00378577","1","","56","8","ELB","5.26","Dassault Systemes","","","4084","asdsls30"
"1/26/2021 18:20","J66237","ITE00564546","1","","56","8","ELB","5.26","Dassault Systemes","","","4084","asdsls30"
"1/26/2021 18:20","","","","","4","2","EST","5.28","Dassault Systemes","","","4084","asdsls30"
"1/26/2021 18:20","J93296","ITE00520146","1","","4","2","EST","5.28","Dassault Systemes","","","4084","asdsls30"
"1/26/2021 18:20","J88538","ITE00529141","1","","4","2","EST","5.26","Dassault Systemes","","","4084","asdsls30"
"1/26/2021 18:20","","","","","6","1","EWR","5.26","Dassault Systemes","","","4084","asdsls30"
"1/26/2021 18:20","kurjari","ITE00460000","1","","6","1","EWR","5.26","Dassault Systemes","","","4084","asdsls30"
"1/26/2021 18:20","","","","","45","17","FTA","5.28","Dassault Systemes","","","4084","asdsls30"
"1/26/2021 18:20","m45886","ITE00516521","1","","45","17","FTA","5.28","Dassault Systemes","","","4084","asdsls30"
"1/26/2021 18:20","j31053","ITE00452613","1","","45","17","FTA","5.28","Dassault Systemes","","","4084","asdsls30"
"1/26/2021 18:20","J64783","ITE00442769","1","","45","17","FTA","5.28","Dassault Systemes","","","4084","asdsls30"
"1/26/2021 18:20","J25252","ITE00466274","1","","45","17","FTA","5.26","Dassault Systemes","","","4084","asdsls30"
"1/26/2021 18:20","montgti","ITE00507699","1","","45","17","FTA","5.26","Dassault Systemes","","","4084","asdsls30"
"1/26/2021 18:20","G65543","ITE00453810","1","","45","17","FTA","5.26","Dassault Systemes","","","4084","asdsls30"
"1/26/2021 18:20","ayanory","ITE00432573","1","","45","17","FTA","5.28","Dassault Systemes","","","4084","asdsls30"
"1/26/2021 18:20","J43890","ITE00434910","1","","45","17","FTA","5.28","Dassault Systemes","","","4084","asdsls30"
"1/26/2021 18:20","M71656","ITE00544277","1","","45","17","FTA","5.28","Dassault Systemes","","","4084","asdsls30"
"1/26/2021 18:20","J37740","ITE00552617","1","","45","17","FTA","5.28","Dassault Systemes","","","4084","asdsls30"
"1/26/2021 18:20","M21776","ITE00489850","1","","45","17","FTA","5.28","Dassault Systemes","","","4084","asdsls30"
"1/26/2021 18:20","M54213","ITE00500286","1","","45","17","FTA","5.28","Dassault Systemes","","","4084","asdsls30"
"1/26/2021 18:20","m69106","ITE00537792","1","","45","17","FTA","5.28","Dassault Systemes","","","4084","asdsls30"
"1/26/2021 18:20","m69106","ITE00537792","1","","45","17","FTA","5.28","Dassault Systemes","","","4084","asdsls30"
"1/26/2021 18:20","M41628","ITE00465839","1","","45","17","FTA","5.28","Dassault Systemes","","","4084","asdsls30"
"1/26/2021 18:20","M59684","ITE00544593","1","","45","17","FTA","5.26","Dassault Systemes","","","4084","asdsls30"
"1/26/2021 18:20","J54660","ITE00468116","1","","45","17","FTA","5.28","Dassault Systemes","","","4084","asdsls30"
"1/26/2021 18:20","cowelje","ITE00448439","1","","45","17","FTA","5.28","Dassault Systemes","","","4084","asdsls30"
"1/26/2021 18:20","","","","","7","1","GAS","5.26","Dassault Systemes","","","4084","asdsls30"
"1/26/2021 18:20","J88538","ITE00529141","1","","7","1","GAS","5.26","Dassault Systemes","","","4084","asdsls30"
"1/26/2021 18:20","","","","","7","3","GPS","5.28","Dassault Systemes","","","4084","asdsls30"
"1/26/2021 18:20","J93296","ITE00520146","1","","7","3","GPS","5.28","Dassault Systemes","","","4084","asdsls30"
"1/26/2021 18:20","J41941","ITE00546371","1","","7","3","GPS","5.28","Dassault Systemes","","","4084","asdsls30"
"1/26/2021 18:20","J88538","ITE00529141","1","","7","3","GPS","5.26","Dassault Systemes","","","4084","asdsls30"
"1/26/2021 18:20","","","","","6","1","HBR","5.28","Dassault Systemes","","","4084","asdsls30"
"1/26/2021 18:20","J87349","ITE00513713","1","","6","1","HBR","5.28","Dassault Systemes","","","4084","asdsls30"
"1/26/2021 18:20","","","","","125","37","HD2","5.28","Dassault Systemes","","","4084","asdsls30"
"1/26/2021 18:20","j31053","ITE00452613","1","","125","37","HD2","5.28","Dassault Systemes","","","4084","asdsls30"
"1/26/2021 18:20","J72197","ITE00468164","1","","125","37","HD2","5.28","Dassault Systemes","","","4084","asdsls30"
"1/26/2021 18:20","m61371","ITE00447296","1","","125","37","HD2","5.28","Dassault Systemes","","","4084","asdsls30"
"1/26/2021 18:20","dampfro","ITE00448051","1","","125","37","HD2","5.28","Dassault Systemes","","","4084","asdsls30"
"1/26/2021 18:20","douglde","ITE00466301","1","","125","37","HD2","5.28","Dassault Systemes","","","4084","asdsls30"
"1/26/2021 18:20","crovoro","ITE00479225","1","","125","37","HD2","5.26","Dassault Systemes","","","4084","asdsls30"
"1/26/2021 18:20","crovoro","ITE00479225","1","","125","37","HD2","5.26","Dassault Systemes","","","4084","asdsls30"
"1/26/2021 18:20","chenja2","ITE00471503","1","","125","37","HD2","5.28","Dassault Systemes","","","4084","asdsls30"
"1/26/2021 18:20","dastmsa","ITE00444030","1","","125","37","HD2","5.28","Dassault Systemes","","","4084","asdsls30"
"1/26/2021 18:20","desrobr","ITE00448034","1","","125","37","HD2","5.26","Dassault Systemes","","","4084","asdsls30"
"1/26/2021 18:20","m66457","ITE00452961","1","","125","37","HD2","5.28","Dassault Systemes","","","4084","asdsls30"
"1/26/2021 18:20","ginermi","ITE00455563","1","","125","37","HD2","5.28","Dassault Systemes","","","4084","asdsls30"
"1/26/2021 18:20","dolfido","ITE00428118","1","","125","37","HD2","5.26","Dassault Systemes","","","4084","asdsls30"
"1/26/2021 18:20","J63123","ITE00440870","1","","125","37","HD2","5.28","Dassault Systemes","","","4084","asdsls30"
"1/26/2021 18:20","G65543","ITE00453810","1","","125","37","HD2","5.26","Dassault Systemes","","","4084","asdsls30"
"1/26/2021 18:20","crovoro","ITE00452601","1","","125","37","HD2","5.26","Dassault Systemes","","","4084","asdsls30"
"1/26/2021 18:20","M28590","ITE00493359","1","","125","37","HD2","5.28","Dassault Systemes","","","4084","asdsls30"
"1/26/2021 18:20","J86342","ITE00465174","1","","125","37","HD2","5.28","Dassault Systemes","","","4084","asdsls30"
"1/26/2021 18:20","A04743","ITE00486871","1","","125","37","HD2","5.26","Dassault Systemes","","","4084","asdsls30"
"1/26/2021 18:20","villema","ITE00503454","1","","125","37","HD2","5.28","Dassault Systemes","","","4084","asdsls30"
"1/26/2021 18:20","garcima8","ITE00484878","1","","125","37","HD2","5.28","Dassault Systemes","","","4084","asdsls30"
"1/26/2021 18:20","garcima8","ITE00484878","1","","125","37","HD2","5.28","Dassault Systemes","","","4084","asdsls30"
"1/26/2021 18:20","zhongwe","ITE00452770","1","","125","37","HD2","5.28","Dassault Systemes","","","4084","asdsls30"
"1/26/2021 18:20","B98909","ITE00517412","1","","125","37","HD2","5.26","Dassault Systemes","","","4084","asdsls30"
"1/26/2021 18:20","J60240","ITE00473754","1","","125","37","HD2","5.28","Dassault Systemes","","","4084","asdsls30"
"1/26/2021 18:20","frerkja","ITE00466250","1","","125","37","HD2","5.28","Dassault Systemes","","","4084","asdsls30"
"1/26/2021 18:20","stolyar","ITE00459682","1","","125","37","HD2","5.28","Dassault Systemes","","","4084","asdsls30"
"1/26/2021 18:20","dangfo","ITE00536466","1","","125","37","HD2","5.28","Dassault Systemes","","","4084","asdsls30"
"1/26/2021 18:20","zachmro","ITE00530082","1","","125","37","HD2","5.26","Dassault Systemes","","","4084","asdsls30"
"1/26/2021 18:20","abadgl","ITE00520150","1","","125","37","HD2","5.28","Dassault Systemes","","","4084","asdsls30"
"1/26/2021 18:20","castelu","ITE00455579","1","","125","37","HD2","5.28","Dassault Systemes","","","4084","asdsls30"
"1/26/2021 18:20","m72336","ITE00545107","1","","125","37","HD2","5.28","Dassault Systemes","","","4084","asdsls30"
"1/26/2021 18:20","a04743","ITE00442524","1","","125","37","HD2","5.26","Dassault Systemes","","","4084","asdsls30"
"1/26/2021 18:20","strofjo","ITE00453436","1","","125","37","HD2","5.28","Dassault Systemes","","","4084","asdsls30"
"1/26/2021 18:20","doughda1","ITE00544235","1","","125","37","HD2","5.26","Dassault Systemes","","","4084","asdsls30"
"1/26/2021 18:20","jankomi","ITE00427314","1","","125","37","HD2","5.28","Dassault Systemes","","","4084","asdsls30"
"1/26/2021 18:20","M22864","ITE00473483","1","","125","37","HD2","5.28","Dassault Systemes","","","4084","asdsls30"
"1/26/2021 18:20","cowelje","ITE00448439","1","","125","37","HD2","5.28","Dassault Systemes","","","4084","asdsls30"
"1/26/2021 18:20","G32733","ITE00550163","1","","125","37","HD2","5.26","Dassault Systemes","","","4084","asdsls30"
"1/26/2021 18:20","","","","","10","2","KIN","5.28","Dassault Systemes","","","4084","asdsls30"
"1/26/2021 18:20","J37758","ITE00553620","1","","10","2","KIN","5.28","Dassault Systemes","","","4084","asdsls30"
"1/26/2021 18:20","J41941","ITE00546371","1","","10","2","KIN","5.28","Dassault Systemes","","","4084","asdsls30"
"1/26/2021 18:20","","","","","439","231","MD2","5.28","Dassault Systemes","","","4084","asdsls30"
"1/26/2021 18:20","J95905","ITE00479970","1","","439","231","MD2","5.28","Dassault Systemes","","","4084","asdsls30"
"1/26/2021 18:20","M72927","ITE00544701","1","","439","231","MD2","5.28","Dassault Systemes","","","4084","asdsls30"
"1/26/2021 18:20","M29406","ITE00468115","1","","439","231","MD2","5.28","Dassault Systemes","","","4084","asdsls30"
"1/26/2021 18:20","B54977","ITE00419263","1","","439","231","MD2","5.28","Dassault Systemes","","","4084","asdsls30"
"1/26/2021 18:20","mccratr","ITE00384603","1","","439","231","MD2","5.28","Dassault Systemes","","","4084","asdsls30"
"1/26/2021 18:20","mccratr","ITE00384603","1","","439","231","MD2","5.28","Dassault Systemes","","","4084","asdsls30"
"1/26/2021 18:20","s100096","ITE00463355","1","","439","231","MD2","5.28","Dassault Systemes","","","4084","asdsls30"
"1/26/2021 18:20","J16555","ITE00528088","1","","439","231","MD2","5.28","Dassault Systemes","","","4084","asdsls30"
"1/26/2021 18:20","j22857","ITE00480173","1","","439","231","MD2","5.28","Dassault Systemes","","","4084","asdsls30"
"1/26/2021 18:20","m43758","ITE00528586","1","","439","231","MD2","5.28","Dassault Systemes","","","4084","asdsls30"
"1/26/2021 18:20","m45886","ITE00516521","1","","439","231","MD2","5.28","Dassault Systemes","","","4084","asdsls30"
"1/26/2021 18:20","J39561","ITE00441562","1","","439","231","MD2","5.28","Dassault Systemes","","","4084","asdsls30"
"1/26/2021 18:20","j78313","ITE00452710","1","","439","231","MD2","5.28","Dassault Systemes","","","4084","asdsls30"
"1/26/2021 18:20","J43639","DC30KSLF4659288","1","","439","231","MD2","5.28","Dassault Systemes","","","4084","asdsls30"
"1/26/2021 18:20","M64882","ITE00542705","1","","439","231","MD2","5.28","Dassault Systemes","","","4084","asdsls30"
"1/26/2021 18:20","J67248","ITE00430661","1","","439","231","MD2","5.28","Dassault Systemes","","","4084","asdsls30"
"1/26/2021 18:20","J66273","ITE00545456","1","","439","231","MD2","5.28","Dassault Systemes","","","4084","asdsls30"
"1/26/2021 18:20","J66273","ITE00545456","1","","439","231","MD2","5.28","Dassault Systemes","","","4084","asdsls30"
"1/26/2021 18:20","a98434","ITE00563346","1","","439","231","MD2","5.28","Dassault Systemes","","","4084","asdsls30"
"1/26/2021 18:20","g98732","ITE00505057","1","","439","231","MD2","5.28","Dassault Systemes","","","4084","asdsls30"
"1/26/2021 18:20","J57635","ITE00454131","1","","439","231","MD2","5.28","Dassault Systemes","","","4084","asdsls30"
"1/26/2021 18:20","M56953","ITE00539797","1","","439","231","MD2","5.28","Dassault Systemes","","","4084","asdsls30"
"1/26/2021 18:20","grasest","ITE00442449","1","","439","231","MD2","5.28","Dassault Systemes","","","4084","asdsls30"
"1/26/2021 18:20","m26201","ITE00427755","1","","439","231","MD2","5.28","Dassault Systemes","","","4084","asdsls30"
"1/26/2021 18:20","J54975","ITE00493449","1","","439","231","MD2","5.26","Dassault Systemes","","","4084","asdsls30"
"1/26/2021 18:20","gabbest","ITE00472411","1","","439","231","MD2","5.26","Dassault Systemes","","","4084","asdsls30"
"1/26/2021 18:20","J16414","ITE00495039","1","","439","231","MD2","5.28","Dassault Systemes","","","4084","asdsls30"
"1/26/2021 18:20","J16414","ITE00495039","1","","439","231","MD2","5.28","Dassault Systemes","","","4084","asdsls30"
"1/26/2021 18:20","phamto2","ITE00461875","1","","439","231","MD2","5.28","Dassault Systemes","","","4084","asdsls30"
"1/26/2021 18:20","phamto2","ITE00461875","1","","439","231","MD2","5.28","Dassault Systemes","","","4084","asdsls30"
"1/26/2021 18:20","g32051","ITE00514923","1","","439","231","MD2","5.28","Dassault Systemes","","","4084","asdsls30"
"1/26/2021 18:20","j22856","ITE00420183","1","","439","231","MD2","5.28","Dassault Systemes","","","4084","asdsls30"
"1/26/2021 18:20","j74543","ITE00464359","1","","439","231","MD2","5.28","Dassault Systemes","","","4084","asdsls30"
"1/26/2021 18:20","j66800","ITE00443855","1","","439","231","MD2","5.28","Dassault Systemes","","","4084","asdsls30"
"1/26/2021 18:20","J70760","ITE00461868","1","","439","231","MD2","5.28","Dassault Systemes","","","4084","asdsls30"
"1/26/2021 18:20","A73109","ITE00532153","1","","439","231","MD2","5.28","Dassault Systemes","","","4084","asdsls30"
"1/26/2021 18:20","j93347","ITE00489501","1","","439","231","MD2","5.28","Dassault Systemes","","","4084","asdsls30"
"1/26/2021 18:20","M31266","ITE00533083","1","","439","231","MD2","5.28","Dassault Systemes","","","4084","asdsls30"
"1/26/2021 18:20","A05263","ITE00420860","1","","439","231","MD2","5.28","Dassault Systemes","","","4084","asdsls30"
"1/26/2021 18:20","montgti","ITE00507699","1","","439","231","MD2","5.26","Dassault Systemes","","","4084","asdsls30"
"1/26/2021 18:20","M45266","ITE00469960","1","","439","231","MD2","5.26","Dassault Systemes","","","4084","asdsls30"
"1/26/2021 18:20","J30468","ITE00480878","1","","439","231","MD2","5.28","Dassault Systemes","","","4084","asdsls30"
"1/26/2021 18:20","j67596","ITE00441724","1","","439","231","MD2","5.28","Dassault Systemes","","","4084","asdsls30"
"1/26/2021 18:20","j67596","ITE00441724","1","","439","231","MD2","5.28","Dassault Systemes","","","4084","asdsls30"
"1/26/2021 18:20","J88538","ITE00529141","1","","439","231","MD2","5.26","Dassault Systemes","","","4084","asdsls30"
"1/26/2021 18:20","woonju","ITE00442325","1","","439","231","MD2","5.28","Dassault Systemes","","","4084","asdsls30"
"1/26/2021 18:20","J17541","ITE00438646","1","","439","231","MD2","5.28","Dassault Systemes","","","4084","asdsls30"
"1/26/2021 18:20","richajo4","DCAKPCE00383219","1","","439","231","MD2","5.26","Dassault Systemes","","","4084","asdsls30"
"1/26/2021 18:20","s108553","ITE00493331","1","","439","231","MD2","5.28","Dassault Systemes","","","4084","asdsls30"
"1/26/2021 18:20","M78990","ITE00563360","1","","439","231","MD2","5.28","Dassault Systemes","","","4084","asdsls30"
"1/26/2021 18:20","loph","ITE00434461","1","","439","231","MD2","5.26","Dassault Systemes","","","4084","asdsls30"
"1/26/2021 18:20","costibr","ITE00468381","1","","439","231","MD2","5.28","Dassault Systemes","","","4084","asdsls30"
"1/26/2021 18:20","M56418","ITE00509807","1","","439","231","MD2","5.26","Dassault Systemes","","","4084","asdsls30"
"1/26/2021 18:20","M33956","ITE00493372","1","","439","231","MD2","5.26","Dassault Systemes","","","4084","asdsls30"
"1/26/2021 18:20","J81863","ITE0B010363","1","","439","231","MD2","5.28","Dassault Systemes","","","4084","asdsls30"
"1/26/2021 18:20","J64783","ITE00442769","1","","439","231","MD2","5.28","Dassault Systemes","","","4084","asdsls30"
"1/26/2021 18:20","J72390","ITE00465711","1","","439","231","MD2","5.26","Dassault Systemes","","","4084","asdsls30"
"1/26/2021 18:20","G93961","ITE00519564","1","","439","231","MD2","5.28","Dassault Systemes","","","4084","asdsls30"
"1/26/2021 18:20","M56078","ITE00515586","1","","439","231","MD2","5.28","Dassault Systemes","","","4084","asdsls30"
"1/26/2021 18:20","thornho","ITE00416721","1","","439","231","MD2","5.26","Dassault Systemes","","","4084","asdsls30"
"1/26/2021 18:20","M40573","ITE00512903","1","","439","231","MD2","5.28","Dassault Systemes","","","4084","asdsls30"
"1/26/2021 18:20","J54739","ITE00464477","1","","439","231","MD2","5.28","Dassault Systemes","","","4084","asdsls30"
"1/26/2021 18:20","J31489","ITE00486784","1","","439","231","MD2","5.28","Dassault Systemes","","","4084","asdsls30"
"1/26/2021 18:20","J96520","ITE00478184","1","","439","231","MD2","5.28","Dassault Systemes","","","4084","asdsls30"
"1/26/2021 18:20","beverda","ITE00509738","1","","439","231","MD2","5.28","Dassault Systemes","","","4084","asdsls30"
"1/26/2021 18:20","M35567","ITE00512946","1","","439","231","MD2","5.28","Dassault Systemes","","","4084","asdsls30"
"1/26/2021 18:20","M68031","ITE00532999","1","","439","231","MD2","5.26","Dassault Systemes","","","4084","asdsls30"
"1/26/2021 18:20","J87055","ITE00442773","1","","439","231","MD2","5.26","Dassault Systemes","","","4084","asdsls30"
"1/26/2021 18:20","M83902","ITE00566661","1","","439","231","MD2","5.28","Dassault Systemes","","","4084","asdsls30"
"1/26/2021 18:20","J25252","ITE00466274","1","","439","231","MD2","5.26","Dassault Systemes","","","4084","asdsls30"
"1/26/2021 18:20","b92479","ITE00477670","1","","439","231","MD2","5.28","Dassault Systemes","","","4084","asdsls30"
"1/26/2021 18:20","m62959","ITE00539795","1","","439","231","MD2","5.28","Dassault Systemes","","","4084","asdsls30"
"1/26/2021 18:20","m62959","ITE00539795","1","","439","231","MD2","5.28","Dassault Systemes","","","4084","asdsls30"
"1/26/2021 18:20","M48126","ITE00443990","1","","439","231","MD2","5.26","Dassault Systemes","","","4084","asdsls30"
"1/26/2021 18:20","G41055","ITE00457802","1","","439","231","MD2","5.28","Dassault Systemes","","","4084","asdsls30"
"1/26/2021 18:20","j52845","ITE00515962","1","","439","231","MD2","5.28","Dassault Systemes","","","4084","asdsls30"
"1/26/2021 18:20","M46937","ITE00514431","1","","439","231","MD2","5.28","Dassault Systemes","","","4084","asdsls30"
"1/26/2021 18:20","j86868","ITE00426848","1","","439","231","MD2","5.28","Dassault Systemes","","","4084","asdsls30"
"1/26/2021 18:20","pangeti","ITE00435725","1","","439","231","MD2","5.28","Dassault Systemes","","","4084","asdsls30"
"1/26/2021 18:20","ayanory","ITE00432573","1","","439","231","MD2","5.28","Dassault Systemes","","","4084","asdsls30"
"1/26/2021 18:20","M21776","ITE00489850","1","","439","231","MD2","5.28","Dassault Systemes","","","4084","asdsls30"
"1/26/2021 18:20","curtiro","ITE00430762","1","","439","231","MD2","5.28","Dassault Systemes","","","4084","asdsls30"
"1/26/2021 18:20","M57688","ITE00553112","1","","439","231","MD2","5.28","Dassault Systemes","","","4084","asdsls30"
"1/26/2021 18:20","J37740","ITE00552617","1","","439","231","MD2","5.28","Dassault Systemes","","","4084","asdsls30"
"1/26/2021 18:20","M71656","ITE00544277","1","","439","231","MD2","5.28","Dassault Systemes","","","4084","asdsls30"
"1/26/2021 18:20","M71286","ITE00533114","1","","439","231","MD2","5.28","Dassault Systemes","","","4084","asdsls30"
"1/26/2021 18:20","j49956","ITE00511647","1","","439","231","MD2","5.28","Dassault Systemes","","","4084","asdsls30"
"1/26/2021 18:20","M20942","ITE00457347","1","","439","231","MD2","5.28","Dassault Systemes","","","4084","asdsls30"
"1/26/2021 18:20","J70896","ITE00473525","1","","439","231","MD2","5.28","Dassault Systemes","","","4084","asdsls30"
"1/26/2021 18:20","phamvi","ITE00452762","1","","439","231","MD2","5.26","Dassault Systemes","","","4084","asdsls30"
"1/26/2021 18:20","M70976","ITE00538615","1","","439","231","MD2","5.28","Dassault Systemes","","","4084","asdsls30"
"1/26/2021 18:20","yuhu","ITE00435782","1","","439","231","MD2","5.28","Dassault Systemes","","","4084","asdsls30"
"1/26/2021 18:20","M75637","ITE00540145","1","","439","231","MD2","5.26","Dassault Systemes","","","4084","asdsls30"
"1/26/2021 18:20","j66644","ITE00443087","1","","439","231","MD2","5.28","Dassault Systemes","","","4084","asdsls30"
"1/26/2021 18:20","M54213","ITE00500286","1","","439","231","MD2","5.28","Dassault Systemes","","","4084","asdsls30"
"1/26/2021 18:20","M75829","ITE00504938","1","","439","231","MD2","5.26","Dassault Systemes","","","4084","asdsls30"
"1/26/2021 18:20","tannru","ITE00455751","1","","439","231","MD2","5.26","Dassault Systemes","","","4084","asdsls30"
"1/26/2021 18:20","tannru","ITE00455751","1","","439","231","MD2","5.26","Dassault Systemes","","","4084","asdsls30"
"1/26/2021 18:20","M53770","ITE00510791","1","","439","231","MD2","5.28","Dassault Systemes","","","4084","asdsls30"
"1/26/2021 18:20","M69277","ITE00539955","1","","439","231","MD2","5.26","Dassault Systemes","","","4084","asdsls30"
"1/26/2021 18:20","J96528","ITE00473558","1","","439","231","MD2","5.26","Dassault Systemes","","","4084","asdsls30"
"1/26/2021 18:20","J37728","ITE00461825","1","","439","231","MD2","5.28","Dassault Systemes","","","4084","asdsls30"
"1/26/2021 18:20","m69106","ITE00537792","1","","439","231","MD2","5.28","Dassault Systemes","","","4084","asdsls30"
"1/26/2021 18:20","m69106","ITE00537792","1","","439","231","MD2","5.28","Dassault Systemes","","","4084","asdsls30"
"1/26/2021 18:20","M28322","ITE00493431","1","","439","231","MD2","5.28","Dassault Systemes","","","4084","asdsls30"
"1/26/2021 18:20","wunged5","ITE00433831","1","","439","231","MD2","5.26","Dassault Systemes","","","4084","asdsls30"
"1/26/2021 18:20","M39180","ITE00509788","1","","439","231","MD2","5.28","Dassault Systemes","","","4084","asdsls30"
"1/26/2021 18:20","B15656","ITE00455910","1","","439","231","MD2","5.28","Dassault Systemes","","","4084","asdsls30"
"1/26/2021 18:20","J55627","ITE00455743","1","","439","231","MD2","5.26","Dassault Systemes","","","4084","asdsls30"
"1/26/2021 18:20","M56698","ITE00544413","1","","439","231","MD2","5.28","Dassault Systemes","","","4084","asdsls30"
"1/26/2021 18:20","s380702","ITE00464971","1","","439","231","MD2","5.28","Dassault Systemes","","","4084","asdsls30"
"1/26/2021 18:20","M69146","ITE00447372","1","","439","231","MD2","5.28","Dassault Systemes","","","4084","asdsls30"
"1/26/2021 18:20","hajiama","ITE00517436","1","","439","231","MD2","5.26","Dassault Systemes","","","4084","asdsls30"
"1/26/2021 18:20","J37665","ITE00455784","1","","439","231","MD2","5.28","Dassault Systemes","","","4084","asdsls30"
"1/26/2021 18:20","J93296","ITE00520146","1","","439","231","MD2","5.28","Dassault Systemes","","","4084","asdsls30"
"1/26/2021 18:20","s111517","LC30PCE00384728","1","","439","231","MD2","5.28","Dassault Systemes","","","4084","asdsls30"
"1/26/2021 18:20","M34157","ITE00487778","1","","439","231","MD2","5.28","Dassault Systemes","","","4084","asdsls30"
"1/26/2021 18:20","J78906","ITE00468463","1","","439","231","MD2","5.28","Dassault Systemes","","","4084","asdsls30"
"1/26/2021 18:20","m29543","ITE00552473","1","","439","231","MD2","5.26","Dassault Systemes","","","4084","asdsls30"
"1/26/2021 18:20","greenbr1","ITE00420752","1","","439","231","MD2","5.28","Dassault Systemes","","","4084","asdsls30"
"1/26/2021 18:20","M48385","ITE00512727","1","","439","231","MD2","5.28","Dassault Systemes","","","4084","asdsls30"
"1/26/2021 18:20","J41941","ITE00546371","1","","439","231","MD2","5.28","Dassault Systemes","","","4084","asdsls30"
"1/26/2021 18:20","J15190","ITE00421479","1","","439","231","MD2","5.26","Dassault Systemes","","","4084","asdsls30"
"1/26/2021 18:20","s112342","ITE00442419","1","","439","231","MD2","5.28","Dassault Systemes","","","4084","asdsls30"
"1/26/2021 18:20","J39909","ITE00460082","1","","439","231","MD2","5.28","Dassault Systemes","","","4084","asdsls30"
"1/26/2021 18:20","zhengyu","ITE00517435","1","","439","231","MD2","5.26","Dassault Systemes","","","4084","asdsls30"
"1/26/2021 18:20","M32187","ITE00552607","1","","439","231","MD2","5.28","Dassault Systemes","","","4084","asdsls30"
"1/26/2021 18:20","j16105","ITE00506275","1","","439","231","MD2","5.26","Dassault Systemes","","","4084","asdsls30"
"1/26/2021 18:20","J54456","ITE00547916","1","","439","231","MD2","5.26","Dassault Systemes","","","4084","asdsls30"
"1/26/2021 18:20","J29799","ITE00517866","1","","439","231","MD2","5.28","Dassault Systemes","","","4084","asdsls30"
"1/26/2021 18:20","M46078","ITE00515961","1","","439","231","MD2","5.28","Dassault Systemes","","","4084","asdsls30"
"1/26/2021 18:20","b58145","ITE00441866","1","","439","231","MD2","5.28","Dassault Systemes","","","4084","asdsls30"
"1/26/2021 18:20","J68137","ITE00473979","1","","439","231","MD2","5.26","Dassault Systemes","","","4084","asdsls30"
"1/26/2021 18:20","s382924","ITE00452858","1","","439","231","MD2","5.28","Dassault Systemes","","","4084","asdsls30"
"1/26/2021 18:20","M53247","ITE00493285","1","","439","231","MD2","5.28","Dassault Systemes","","","4084","asdsls30"
"1/26/2021 18:20","A99223","ITE00524959","1","","439","231","MD2","5.28","Dassault Systemes","","","4084","asdsls30"
"1/26/2021 18:20","J75255","ITE00565853","1","","439","231","MD2","5.28","Dassault Systemes","","","4084","asdsls30"
"1/26/2021 18:20","J16540","ITE00421630","1","","439","231","MD2","5.28","Dassault Systemes","","","4084","asdsls30"
"1/26/2021 18:20","j64019","ITE00507758","1","","439","231","MD2","5.26","Dassault Systemes","","","4084","asdsls30"
"1/26/2021 18:20","J64813","ITE00440991","1","","439","231","MD2","5.26","Dassault Systemes","","","4084","asdsls30"
"1/26/2021 18:20","j55883","ITE00455353","1","","439","231","MD2","5.28","Dassault Systemes","","","4084","asdsls30"
"1/26/2021 18:20","J75311","ITE00481716","1","","439","231","MD2","5.28","Dassault Systemes","","","4084","asdsls30"
"1/26/2021 18:20","leehe1","ITE00514919","1","","439","231","MD2","5.28","Dassault Systemes","","","4084","asdsls30"
"1/26/2021 18:20","s380148","ITE00512023","1","","439","231","MD2","5.26","Dassault Systemes","","","4084","asdsls30"
"1/26/2021 18:20","s074544","ITE00441915","1","","439","231","MD2","5.28","Dassault Systemes","","","4084","asdsls30"
"1/26/2021 18:20","s074544","ITE00441915","1","","439","231","MD2","5.28","Dassault Systemes","","","4084","asdsls30"
"1/26/2021 18:20","M40370","ITE00499458","1","","439","231","MD2","5.26","Dassault Systemes","","","4084","asdsls30"
"1/26/2021 18:20","B01085","ITE00540120","1","","439","231","MD2","5.28","Dassault Systemes","","","4084","asdsls30"
"1/26/2021 18:20","J66960","ITE00443052","1","","439","231","MD2","5.28","Dassault Systemes","","","4084","asdsls30"
"1/26/2021 18:20","A15029","ITE00396417","1","","439","231","MD2","5.28","Dassault Systemes","","","4084","asdsls30"
"1/26/2021 18:20","A15029","ITE00396417","1","","439","231","MD2","5.28","Dassault Systemes","","","4084","asdsls30"
"1/26/2021 18:20","A62727","ITE00443631","1","","439","231","MD2","5.28","Dassault Systemes","","","4084","asdsls30"
"1/26/2021 18:20","M59684","ITE00544593","1","","439","231","MD2","5.26","Dassault Systemes","","","4084","asdsls30"
"1/26/2021 18:20","M67744","ITE00539291","1","","439","231","MD2","5.28","Dassault Systemes","","","4084","asdsls30"
"1/26/2021 18:20","M55796","ITE00523628","1","","439","231","MD2","5.26","Dassault Systemes","","","4084","asdsls30"
"1/26/2021 18:20","J67395","ITE00511874","1","","439","231","MD2","5.28","Dassault Systemes","","","4084","asdsls30"
"1/26/2021 18:20","M62468","ITE00528641","1","","439","231","MD2","5.28","Dassault Systemes","","","4084","asdsls30"
"1/26/2021 18:20","M21491","ITE00443883","1","","439","231","MD2","5.28","Dassault Systemes","","","4084","asdsls30"
"1/26/2021 18:20","B15516","ITE00517397","1","","439","231","MD2","5.28","Dassault Systemes","","","4084","asdsls30"
"1/26/2021 18:20","M48128","ITE00511966","1","","439","231","MD2","5.28","Dassault Systemes","","","4084","asdsls30"
"1/26/2021 18:20","davismi9","ITE00462016","1","","439","231","MD2","5.28","Dassault Systemes","","","4084","asdsls30"
"1/26/2021 18:20","M65966","ITE00534879","1","","439","231","MD2","5.28","Dassault Systemes","","","4084","asdsls30"
"1/26/2021 18:20","B01064","ITE00460054","1","","439","231","MD2","5.28","Dassault Systemes","","","4084","asdsls30"
"1/26/2021 18:20","J86134","ITE00469818","1","","439","231","MD2","5.26","Dassault Systemes","","","4084","asdsls30"
"1/26/2021 18:20","J37758","ITE00553620","1","","439","231","MD2","5.28","Dassault Systemes","","","4084","asdsls30"
"1/26/2021 18:20","J92437","ITE00551011","1","","439","231","MD2","5.28","Dassault Systemes","","","4084","asdsls30"
"1/26/2021 18:20","m54968","ITE00521578","1","","439","231","MD2","5.28","Dassault Systemes","","","4084","asdsls30"
"1/26/2021 18:20","J06216","ITE00417418","1","","439","231","MD2","5.28","Dassault Systemes","","","4084","asdsls30"
"1/26/2021 18:20","M23762","ITE00470558","1","","439","231","MD2","5.28","Dassault Systemes","","","4084","asdsls30"
"1/26/2021 18:20","J91275","ITE00545420","1","","439","231","MD2","5.28","Dassault Systemes","","","4084","asdsls30"
"1/26/2021 18:20","J54660","ITE00468116","1","","439","231","MD2","5.28","Dassault Systemes","","","4084","asdsls30"
"1/26/2021 18:20","M41628","ITE00465839","1","","439","231","MD2","5.28","Dassault Systemes","","","4084","asdsls30"
"1/26/2021 18:20","J66237","ITE00564546","1","","439","231","MD2","5.26","Dassault Systemes","","","4084","asdsls30"
"1/26/2021 18:20","alcisja","LCA2PCE00384829","1","","439","231","MD2","5.28","Dassault Systemes","","","4084","asdsls30"
"1/26/2021 18:20","A94055","ITE00451758","1","","439","231","MD2","5.28","Dassault Systemes","","","4084","asdsls30"
"1/26/2021 18:20","sozziri","ITE00474015","1","","439","231","MD2","5.26","Dassault Systemes","","","4084","asdsls30"
"1/26/2021 18:20","J94493","ITE00473206","1","","439","231","MD2","5.28","Dassault Systemes","","","4084","asdsls30"
"1/26/2021 18:20","J94493","ITE00473206","1","","439","231","MD2","5.28","Dassault Systemes","","","4084","asdsls30"
"1/26/2021 18:20","j87858","ITE00526278","1","","439","231","MD2","5.28","Dassault Systemes","","","4084","asdsls30"
"1/26/2021 18:20","s383917","LC30PCE00334961","1","","439","231","MD2","5.28","Dassault Systemes","","","4084","asdsls30"
"1/26/2021 18:20","J64191","ITE00480242","1","","439","231","MD2","5.28","Dassault Systemes","","","4084","asdsls30"
"1/26/2021 18:20","M39817","ITE00513215","1","","439","231","MD2","5.28","Dassault Systemes","","","4084","asdsls30"
"1/26/2021 18:20","M39817","ITE00513215","1","","439","231","MD2","5.28","Dassault Systemes","","","4084","asdsls30"
"1/26/2021 18:20","J65740","ITE00447143","1","","439","231","MD2","5.28","Dassault Systemes","","","4084","asdsls30"
"1/26/2021 18:20","s113846","ITE00488636","1","","439","231","MD2","5.28","Dassault Systemes","","","4084","asdsls30"
"1/26/2021 18:20","m69621","ITE00542714","1","","439","231","MD2","5.28","Dassault Systemes","","","4084","asdsls30"
"1/26/2021 18:20","vandean","ITE00440837","1","","439","231","MD2","5.28","Dassault Systemes","","","4084","asdsls30"
"1/26/2021 18:20","D04043","ITE00443833","1","","439","231","MD2","5.26","Dassault Systemes","","","4084","asdsls30"
"1/26/2021 18:20","A05328","ITE00389978","1","","439","231","MD2","5.26","Dassault Systemes","","","4084","asdsls30"
"1/26/2021 18:20","camarde","ITE00428353","1","","439","231","MD2","5.26","Dassault Systemes","","","4084","asdsls30"
"1/26/2021 18:20","J06590","ITE00528090","1","","439","231","MD2","5.28","Dassault Systemes","","","4084","asdsls30"
"1/26/2021 18:20","J18575","ITE00421506","1","","439","231","MD2","5.28","Dassault Systemes","","","4084","asdsls30"
"1/26/2021 18:20","b55372","ITE00443743","1","","439","231","MD2","5.28","Dassault Systemes","","","4084","asdsls30"
"1/26/2021 18:20","mitchje","ITE00443704","1","","439","231","MD2","5.28","Dassault Systemes","","","4084","asdsls30"
"1/26/2021 18:20","M55671","ITE00526313","1","","439","231","MD2","5.28","Dassault Systemes","","","4084","asdsls30"
"1/26/2021 18:20","j39815","ITE00459537","1","","439","231","MD2","5.28","Dassault Systemes","","","4084","asdsls30"
"1/26/2021 18:20","ramircr","ITE00384819","1","","439","231","MD2","5.26","Dassault Systemes","","","4084","asdsls30"
"1/26/2021 18:20","s382945","ITE00485062","1","","439","231","MD2","5.28","Dassault Systemes","","","4084","asdsls30"
"1/26/2021 18:20","s380261","ITE00433304","1","","439","231","MD2","5.28","Dassault Systemes","","","4084","asdsls30"
"1/26/2021 18:20","J30521","ITE00430892","1","","439","231","MD2","5.26","Dassault Systemes","","","4084","asdsls30"
"1/26/2021 18:20","J69332","ITE00426820","1","","439","231","MD2","5.26","Dassault Systemes","","","4084","asdsls30"
"1/26/2021 18:20","B94981","ITE00509819","1","","439","231","MD2","5.28","Dassault Systemes","","","4084","asdsls30"
"1/26/2021 18:20","hillli4","ITE00495038","1","","439","231","MD2","5.28","Dassault Systemes","","","4084","asdsls30"
"1/26/2021 18:20","hillli4","ITE00495038","1","","439","231","MD2","5.28","Dassault Systemes","","","4084","asdsls30"
"1/26/2021 18:20","hillli4","ITE00495038","1","","439","231","MD2","5.28","Dassault Systemes","","","4084","asdsls30"
"1/26/2021 18:20","M46858","ITE00515827","1","","439","231","MD2","5.28","Dassault Systemes","","","4084","asdsls30"
"1/26/2021 18:20","M73431","ITE00553431","1","","439","231","MD2","5.28","Dassault Systemes","","","4084","asdsls30"
"1/26/2021 18:20","J34347","ITE00443793","1","","439","231","MD2","5.28","Dassault Systemes","","","4084","asdsls30"
"1/26/2021 18:20","m54520","ITE00452234","1","","439","231","MD2","5.28","Dassault Systemes","","","4084","asdsls30"
"1/26/2021 18:20","nguyech4","ITE00512915","1","","439","231","MD2","5.26","Dassault Systemes","","","4084","asdsls30"
"1/26/2021 18:20","nguyech4","ITE00512915","1","","439","231","MD2","5.26","Dassault Systemes","","","4084","asdsls30"
"1/26/2021 18:20","J41658","ITE00516616","1","","439","231","MD2","5.26","Dassault Systemes","","","4084","asdsls30"
"1/26/2021 18:20","leeda10","ITE00519688","1","","439","231","MD2","5.28","Dassault Systemes","","","4084","asdsls30"
"1/26/2021 18:20","D05935","ITE00494107","1","","439","231","MD2","5.28","Dassault Systemes","","","4084","asdsls30"
"1/26/2021 18:20","J95567","ITE00499495","1","","439","231","MD2","5.28","Dassault Systemes","","","4084","asdsls30"
"1/26/2021 18:20","haysmi","ITE00495037","1","","439","231","MD2","5.28","Dassault Systemes","","","4084","asdsls30"
"1/26/2021 18:20","M54787","ITE00465397","1","","439","231","MD2","5.28","Dassault Systemes","","","4084","asdsls30"
"1/26/2021 18:20","M42484","ITE00454274","1","","439","231","MD2","5.28","Dassault Systemes","","","4084","asdsls30"
"1/26/2021 18:20","m60887","ITE00531314","1","","439","231","MD2","5.28","Dassault Systemes","","","4084","asdsls30"
"1/26/2021 18:20","J70312","ITE00564384","1","","439","231","MD2","5.28","Dassault Systemes","","","4084","asdsls30"
"1/26/2021 18:20","J55228","ITE00432290","1","","439","231","MD2","5.28","Dassault Systemes","","","4084","asdsls30"
"1/26/2021 18:20","J41267","ITE00428469","1","","439","231","MD2","5.26","Dassault Systemes","","","4084","asdsls30"
"1/26/2021 18:20","chengwe","ITE00452235","1","","439","231","MD2","5.28","Dassault Systemes","","","4084","asdsls30"
"1/26/2021 18:20","J67292","ITE00448858","1","","439","231","MD2","5.28","Dassault Systemes","","","4084","asdsls30"
"1/26/2021 18:20","M53482","ITE00543489","1","","439","231","MD2","5.28","Dassault Systemes","","","4084","asdsls30"
"1/26/2021 18:20","inghati","ITE00511580","1","","439","231","MD2","5.26","Dassault Systemes","","","4084","asdsls30"
"1/26/2021 18:20","s113693","ITE00511833","1","","439","231","MD2","5.28","Dassault Systemes","","","4084","asdsls30"
"1/26/2021 18:20","M33327","ITE00500278","1","","439","231","MD2","5.28","Dassault Systemes","","","4084","asdsls30"
"1/26/2021 18:20","m73740","ITE00546876","1","","439","231","MD2","5.28","Dassault Systemes","","","4084","asdsls30"
"1/26/2021 18:20","M64481","ITE00447148","1","","439","231","MD2","5.28","Dassault Systemes","","","4084","asdsls30"
"1/26/2021 18:20","M42154","ITE00533323","1","","439","231","MD2","5.28","Dassault Systemes","","","4084","asdsls30"
"1/26/2021 18:20","M23925","ITE00483769","1","","439","231","MD2","5.28","Dassault Systemes","","","4084","asdsls30"
"1/26/2021 18:20","M25711","ITE00564492","1","","439","231","MD2","5.26","Dassault Systemes","","","4084","asdsls30"
"1/26/2021 18:20","M49808","ITE00465688","1","","439","231","MD2","5.28","Dassault Systemes","","","4084","asdsls30"
"1/26/2021 18:20","m68535","ITE00537838","1","","439","231","MD2","5.28","Dassault Systemes","","","4084","asdsls30"
"1/26/2021 18:20","J69737","ITE00452777","1","","439","231","MD2","5.28","Dassault Systemes","","","4084","asdsls30"
"1/26/2021 18:20","M66132","ITE00447294","1","","439","231","MD2","5.28","Dassault Systemes","","","4084","asdsls30"
"1/26/2021 18:20","d19285","ITE00402164","1","","439","231","MD2","5.28","Dassault Systemes","","","4084","asdsls30"
"1/26/2021 18:20","J69109","ITE00447265","1","","439","231","MD2","5.28","Dassault Systemes","","","4084","asdsls30"
"1/26/2021 18:20","G32732","ITE00528601","1","","439","231","MD2","5.28","Dassault Systemes","","","4084","asdsls30"
"1/26/2021 18:20","M48210","ITE00513083","1","","439","231","MD2","5.26","Dassault Systemes","","","4084","asdsls30"
"1/26/2021 18:20","J42588","ITE00496513","1","","439","231","MD2","5.28","Dassault Systemes","","","4084","asdsls30"
"1/26/2021 18:20","s104887","ITE00508772","1","","439","231","MD2","5.28","Dassault Systemes","","","4084","asdsls30"
"1/26/2021 18:20","s092639","ITE00473486","1","","439","231","MD2","5.28","Dassault Systemes","","","4084","asdsls30"
"1/26/2021 18:20","J66453","ITE00528568","1","","439","231","MD2","5.28","Dassault Systemes","","","4084","asdsls30"
"1/26/2021 18:20","M42679","ITE00512280","1","","439","231","MD2","5.26","Dassault Systemes","","","4084","asdsls30"
"1/26/2021 18:20","","","","","58","7","MD2-DMNFTAKINKT1SPAST1","5.26","Dassault Systemes","","","4084","asdsls30"
"1/26/2021 18:20","j68973","ITE00452963","1","","58","7","MD2-DMNFTAKINKT1SPAST1","5.26","Dassault Systemes","","","4084","asdsls30"
"1/26/2021 18:20","kurjari","ITE00460000","1","","58","7","MD2-DMNFTAKINKT1SPAST1","5.26","Dassault Systemes","","","4084","asdsls30"
"1/26/2021 18:20","rainest","ITE00492339","1","","58","7","MD2-DMNFTAKINKT1SPAST1","5.26","Dassault Systemes","","","4084","asdsls30"
"1/26/2021 18:20","nguyequ","ITE00464381","1","","58","7","MD2-DMNFTAKINKT1SPAST1","5.26","Dassault Systemes","","","4084","asdsls30"
"1/26/2021 18:20","J38352","ITE00435612","1","","58","7","MD2-DMNFTAKINKT1SPAST1","5.26","Dassault Systemes","","","4084","asdsls30"
"1/26/2021 18:20","J79120","ITE00491195","1","","58","7","MD2-DMNFTAKINKT1SPAST1","5.26","Dassault Systemes","","","4084","asdsls30"
"1/26/2021 18:20","seavebr1","LCA2PCLJ5331342","1","","58","7","MD2-DMNFTAKINKT1SPAST1","5.26","Dassault Systemes","","","4084","asdsls30"
"1/26/2021 18:20","","","","","10","2","NCG","5.28","Dassault Systemes","","","4084","asdsls30"
"1/26/2021 18:20","M57688","ITE00553112","1","","10","2","NCG","5.28","Dassault Systemes","","","4084","asdsls30"
"1/26/2021 18:20","j55883","ITE00455353","1","","10","2","NCG","5.28","Dassault Systemes","","","4084","asdsls30"
"1/26/2021 18:20","","","","","30","9","SMD","5.28","Dassault Systemes","","","4084","asdsls30"
"1/26/2021 18:20","J16414","ITE00495039","1","","30","9","SMD","5.28","Dassault Systemes","","","4084","asdsls30"
"1/26/2021 18:20","J16414","ITE00495039","1","","30","9","SMD","5.28","Dassault Systemes","","","4084","asdsls30"
"1/26/2021 18:20","A73109","ITE00532153","1","","30","9","SMD","5.28","Dassault Systemes","","","4084","asdsls30"
"1/26/2021 18:20","j67596","ITE00441724","1","","30","9","SMD","5.28","Dassault Systemes","","","4084","asdsls30"
"1/26/2021 18:20","j67596","ITE00441724","1","","30","9","SMD","5.28","Dassault Systemes","","","4084","asdsls30"
"1/26/2021 18:20","phamto2","ITE00461875","1","","30","9","SMD","5.28","Dassault Systemes","","","4084","asdsls30"
"1/26/2021 18:20","M21776","ITE00489850","1","","30","9","SMD","5.28","Dassault Systemes","","","4084","asdsls30"
"1/26/2021 18:20","J38352","ITE00435612","1","","30","9","SMD","5.26","Dassault Systemes","","","4084","asdsls30"
"1/26/2021 18:20","M54213","ITE00500286","1","","30","9","SMD","5.28","Dassault Systemes","","","4084","asdsls30"
"1/26/2021 18:20","B15656","ITE00455910","1","","30","9","SMD","5.28","Dassault Systemes","","","4084","asdsls30"
"1/26/2021 18:20","s112342","ITE00442419","1","","30","9","SMD","5.28","Dassault Systemes","","","4084","asdsls30"
"1/26/2021 18:20","","","","","23","13","SPA","5.28","Dassault Systemes","","","4084","asdsls30"
"1/26/2021 18:20","s100096","ITE00463355","1","","23","13","SPA","5.28","Dassault Systemes","","","4084","asdsls30"
"1/26/2021 18:20","J16414","ITE00495039","1","","23","13","SPA","5.28","Dassault Systemes","","","4084","asdsls30"
"1/26/2021 18:20","desrobr","ITE00448034","1","","23","13","SPA","5.26","Dassault Systemes","","","4084","asdsls30"
"1/26/2021 18:20","ayanory","ITE00432573","1","","23","13","SPA","5.28","Dassault Systemes","","","4084","asdsls30"
"1/26/2021 18:20","M70976","ITE00538615","1","","23","13","SPA","5.28","Dassault Systemes","","","4084","asdsls30"
"1/26/2021 18:20","J93296","ITE00520146","1","","23","13","SPA","5.28","Dassault Systemes","","","4084","asdsls30"
"1/26/2021 18:20","J41941","ITE00546371","1","","23","13","SPA","5.28","Dassault Systemes","","","4084","asdsls30"
"1/26/2021 18:20","castelu","ITE00455579","1","","23","13","SPA","5.28","Dassault Systemes","","","4084","asdsls30"
"1/26/2021 18:20","J78906","ITE00468463","1","","23","13","SPA","5.28","Dassault Systemes","","","4084","asdsls30"
"1/26/2021 18:20","M53770","ITE00510791","1","","23","13","SPA","5.28","Dassault Systemes","","","4084","asdsls30"
"1/26/2021 18:20","M62468","ITE00528641","1","","23","13","SPA","5.28","Dassault Systemes","","","4084","asdsls30"
"1/26/2021 18:20","A05263","ITE00420860","1","","23","13","SPA","5.28","Dassault Systemes","","","4084","asdsls30"
"1/26/2021 18:20","M49808","ITE00465688","1","","23","13","SPA","5.28","Dassault Systemes","","","4084","asdsls30"
"1/26/2021 18:20","","","","","43","19","ST1","5.28","Dassault Systemes","","","4084","asdsls30"
"1/26/2021 18:20","s100096","ITE00463355","1","","43","19","ST1","5.28","Dassault Systemes","","","4084","asdsls30"
"1/26/2021 18:20","desrobr","ITE00448034","1","","43","19","ST1","5.26","Dassault Systemes","","","4084","asdsls30"
"1/26/2021 18:20","M71286","ITE00533114","1","","43","19","ST1","5.28","Dassault Systemes","","","4084","asdsls30"
"1/26/2021 18:20","M70976","ITE00538615","1","","43","19","ST1","5.28","Dassault Systemes","","","4084","asdsls30"
"1/26/2021 18:20","J93296","ITE00520146","1","","43","19","ST1","5.28","Dassault Systemes","","","4084","asdsls30"
"1/26/2021 18:20","J29799","ITE00517866","1","","43","19","ST1","5.28","Dassault Systemes","","","4084","asdsls30"
"1/26/2021 18:20","M67744","ITE00539291","1","","43","19","ST1","5.28","Dassault Systemes","","","4084","asdsls30"
"1/26/2021 18:20","beverda","ITE00509738","1","","43","19","ST1","5.28","Dassault Systemes","","","4084","asdsls30"
"1/26/2021 18:20","J91275","ITE00545420","1","","43","19","ST1","5.28","Dassault Systemes","","","4084","asdsls30"
"1/26/2021 18:20","J78906","ITE00468463","1","","43","19","ST1","5.28","Dassault Systemes","","","4084","asdsls30"
"1/26/2021 18:20","M62468","ITE00528641","1","","43","19","ST1","5.28","Dassault Systemes","","","4084","asdsls30"
"1/26/2021 18:20","M73431","ITE00553431","1","","43","19","ST1","5.28","Dassault Systemes","","","4084","asdsls30"
"1/26/2021 18:20","s074544","ITE00441915","1","","43","19","ST1","5.28","Dassault Systemes","","","4084","asdsls30"
"1/26/2021 18:20","nguyech4","ITE00512915","1","","43","19","ST1","5.26","Dassault Systemes","","","4084","asdsls30"
"1/26/2021 18:20","J67292","ITE00448858","1","","43","19","ST1","5.28","Dassault Systemes","","","4084","asdsls30"
"1/26/2021 18:20","J41658","ITE00516616","1","","43","19","ST1","5.26","Dassault Systemes","","","4084","asdsls30"
"1/26/2021 18:20","A05263","ITE00420860","1","","43","19","ST1","5.28","Dassault Systemes","","","4084","asdsls30"
"1/26/2021 18:20","b58145","ITE00441866","1","","43","19","ST1","5.28","Dassault Systemes","","","4084","asdsls30"
"1/26/2021 18:20","M49808","ITE00465688","1","","43","19","ST1","5.28","Dassault Systemes","","","4084","asdsls30"
"1/26/2021 18:20","","","","","30","5","TUB","5.28","Dassault Systemes","","","4084","asdsls30"
"1/26/2021 18:20","m45886","ITE00516521","1","","30","5","TUB","5.28","Dassault Systemes","","","4084","asdsls30"
"1/26/2021 18:20","gabbest","ITE00472411","1","","30","5","TUB","5.26","Dassault Systemes","","","4084","asdsls30"
"1/26/2021 18:20","m62959","ITE00539795","1","","30","5","TUB","5.28","Dassault Systemes","","","4084","asdsls30"
"1/26/2021 18:20","pangeti","ITE00435725","1","","30","5","TUB","5.28","Dassault Systemes","","","4084","asdsls30"
"1/26/2021 18:20","B98909","ITE00517412","1","","30","5","TUB","5.26","Dassault Systemes","","","4084","asdsls30"